session_id,play_id,camera_slot,camera_name,camera_target,video_type,azure_blob,azure_md5,cloudinary_url,cloudinary_public_id,uploaded_at
34008eb3-b623-43fe-a870-be18b7166016,03e49a97-584f-4929-bd0c-c905aca3b0ea,VideoClip,,,EdgertronicVideos,Plays/03e49a97-584f-4929-bd0c-c905aca3b0ea/Edgertronic/88b6d9f4-799b-467b-818e-4a327ec039da.mov,sG5MyoC8DsFexizQMSJ+Dw==,https://res.cloudinary.com/pitchingcoachu/video/upload/v1760555258/trackman/34008eb3-b623-43fe-a870-be18b7166016/VideoClip/03e49a97-584.mov,trackman/34008eb3-b623-43fe-a870-be18b7166016/VideoClip/03e49a97-584,2025-10-15T19:07:39Z
34008eb3-b623-43fe-a870-be18b7166016,091a7583-c71d-47f4-96f4-daac25fcbafa,VideoClip,,,EdgertronicVideos,Plays/091a7583-c71d-47f4-96f4-daac25fcbafa/Edgertronic/06e211de-4983-4204-ae51-811beaf6fe2f.mov,/UUqejEIEN+oEygW+f7vgQ==,https://res.cloudinary.com/pitchingcoachu/video/upload/v1760555259/trackman/34008eb3-b623-43fe-a870-be18b7166016/VideoClip/091a7583-c71.mov,trackman/34008eb3-b623-43fe-a870-be18b7166016/VideoClip/091a7583-c71,2025-10-15T19:07:40Z
34008eb3-b623-43fe-a870-be18b7166016,0cfbda50-e62c-426d-805a-206dadf0d22b,VideoClip,,,EdgertronicVideos,Plays/0cfbda50-e62c-426d-805a-206dadf0d22b/Edgertronic/f1a94c0e-49a0-4905-bd64-5115f18551d9.mov,8u/rDLdvR7ovqwVOEtCOJQ==,https://res.cloudinary.com/pitchingcoachu/video/upload/v1760555260/trackman/34008eb3-b623-43fe-a870-be18b7166016/VideoClip/0cfbda50-e62.mov,trackman/34008eb3-b623-43fe-a870-be18b7166016/VideoClip/0cfbda50-e62,2025-10-15T19:07:42Z
34008eb3-b623-43fe-a870-be18b7166016,1c161768-7541-43db-b4f1-cc27179d295b,VideoClip,,,EdgertronicVideos,Plays/1c161768-7541-43db-b4f1-cc27179d295b/Edgertronic/eba624ff-0e68-446f-9339-98b3d1f07213.mov,M3WQ3e5u3I8FjCN3bOhVEA==,https://res.cloudinary.com/pitchingcoachu/video/upload/v1760555263/trackman/34008eb3-b623-43fe-a870-be18b7166016/VideoClip/1c161768-754.mov,trackman/34008eb3-b623-43fe-a870-be18b7166016/VideoClip/1c161768-754,2025-10-15T19:07:44Z
34008eb3-b623-43fe-a870-be18b7166016,1d819a7c-8c7a-41b4-b084-64dd189797be,VideoClip,,,EdgertronicVideos,Plays/1d819a7c-8c7a-41b4-b084-64dd189797be/Edgertronic/19a9e954-e745-44e7-9024-45e9d01ad038.mov,kuip4jRxsWzh4vhtW/ycoA==,https://res.cloudinary.com/pitchingcoachu/video/upload/v1760555264/trackman/34008eb3-b623-43fe-a870-be18b7166016/VideoClip/1d819a7c-8c7.mov,trackman/34008eb3-b623-43fe-a870-be18b7166016/VideoClip/1d819a7c-8c7,2025-10-15T19:07:45Z
34008eb3-b623-43fe-a870-be18b7166016,1d9f7099-7db1-48e2-94b3-eb65c65fe512,VideoClip,,,EdgertronicVideos,Plays/1d9f7099-7db1-48e2-94b3-eb65c65fe512/Edgertronic/3f16d596-ea8e-41ed-9c0e-242065fcd260.mov,SvuVM3jozDWJsEthg058lQ==,https://res.cloudinary.com/pitchingcoachu/video/upload/v1760555265/trackman/34008eb3-b623-43fe-a870-be18b7166016/VideoClip/1d9f7099-7db.mov,trackman/34008eb3-b623-43fe-a870-be18b7166016/VideoClip/1d9f7099-7db,2025-10-15T19:07:46Z
34008eb3-b623-43fe-a870-be18b7166016,2c60c778-bb02-4d09-8fcc-5b2c668f0f98,VideoClip,,,EdgertronicVideos,Plays/2c60c778-bb02-4d09-8fcc-5b2c668f0f98/Edgertronic/9386393b-f91e-4ff6-a371-88ebf35b36c7.mov,FDU7ZuqUVJpTLWbRw2fkLA==,https://res.cloudinary.com/pitchingcoachu/video/upload/v1760555266/trackman/34008eb3-b623-43fe-a870-be18b7166016/VideoClip/2c60c778-bb0.mov,trackman/34008eb3-b623-43fe-a870-be18b7166016/VideoClip/2c60c778-bb0,2025-10-15T19:07:47Z
34008eb3-b623-43fe-a870-be18b7166016,30f84d94-9ce4-4a10-b1fd-a52641a07595,VideoClip,,,EdgertronicVideos,Plays/30f84d94-9ce4-4a10-b1fd-a52641a07595/Edgertronic/87d8aab2-b0be-4175-ae20-0f6c80138d72.mov,0IkXid9ylnRYE+9XC0RZ/g==,https://res.cloudinary.com/pitchingcoachu/video/upload/v1760555268/trackman/34008eb3-b623-43fe-a870-be18b7166016/VideoClip/30f84d94-9ce.mov,trackman/34008eb3-b623-43fe-a870-be18b7166016/VideoClip/30f84d94-9ce,2025-10-15T19:07:49Z
34008eb3-b623-43fe-a870-be18b7166016,3459a1e7-f577-47bf-aa1c-17e3f6faa3b1,VideoClip,,,EdgertronicVideos,Plays/3459a1e7-f577-47bf-aa1c-17e3f6faa3b1/Edgertronic/45d5363c-65fd-4889-9f8c-5ca326245507.mov,v90QUsYGpp3DG8Z7izfHuA==,https://res.cloudinary.com/pitchingcoachu/video/upload/v1760555269/trackman/34008eb3-b623-43fe-a870-be18b7166016/VideoClip/3459a1e7-f57.mov,trackman/34008eb3-b623-43fe-a870-be18b7166016/VideoClip/3459a1e7-f57,2025-10-15T19:07:50Z
34008eb3-b623-43fe-a870-be18b7166016,36570b0c-a339-46ba-b90f-18afded9b898,VideoClip,,,EdgertronicVideos,Plays/36570b0c-a339-46ba-b90f-18afded9b898/Edgertronic/860ee891-1f2f-4787-9999-be3c26378e8e.mov,7Hzt1YgzQSjs5m5z4YQbew==,https://res.cloudinary.com/pitchingcoachu/video/upload/v1760555271/trackman/34008eb3-b623-43fe-a870-be18b7166016/VideoClip/36570b0c-a33.mov,trackman/34008eb3-b623-43fe-a870-be18b7166016/VideoClip/36570b0c-a33,2025-10-15T19:07:52Z
34008eb3-b623-43fe-a870-be18b7166016,36d4c2b5-f4e3-4fa0-bc14-b2a7c5697e63,VideoClip,,,EdgertronicVideos,Plays/36d4c2b5-f4e3-4fa0-bc14-b2a7c5697e63/Edgertronic/243f36c9-a221-4fc1-9a06-a5a10eb7a09e.mov,B4vpyIMmp7FUTIxHSPbwtQ==,https://res.cloudinary.com/pitchingcoachu/video/upload/v1760555272/trackman/34008eb3-b623-43fe-a870-be18b7166016/VideoClip/36d4c2b5-f4e.mov,trackman/34008eb3-b623-43fe-a870-be18b7166016/VideoClip/36d4c2b5-f4e,2025-10-15T19:07:53Z
34008eb3-b623-43fe-a870-be18b7166016,3df4255b-a885-4be9-a420-caa7b2010e11,VideoClip,,,EdgertronicVideos,Plays/3df4255b-a885-4be9-a420-caa7b2010e11/Edgertronic/7afd6e5b-b5ea-42d7-b309-0a7e95654a60.mov,7WgPdVNdGFAvRdx59Vjqqw==,https://res.cloudinary.com/pitchingcoachu/video/upload/v1760555273/trackman/34008eb3-b623-43fe-a870-be18b7166016/VideoClip/3df4255b-a88.mov,trackman/34008eb3-b623-43fe-a870-be18b7166016/VideoClip/3df4255b-a88,2025-10-15T19:07:54Z
34008eb3-b623-43fe-a870-be18b7166016,3e415725-ee8b-4ef5-bd0f-b5906cc512ca,VideoClip,,,EdgertronicVideos,Plays/3e415725-ee8b-4ef5-bd0f-b5906cc512ca/Edgertronic/4c57df52-d3ac-453b-b38c-0af1d565fb19.mov,1Og7xV7fi0tl+VqnaTnCjQ==,https://res.cloudinary.com/pitchingcoachu/video/upload/v1760555274/trackman/34008eb3-b623-43fe-a870-be18b7166016/VideoClip/3e415725-ee8.mov,trackman/34008eb3-b623-43fe-a870-be18b7166016/VideoClip/3e415725-ee8,2025-10-15T19:07:55Z
34008eb3-b623-43fe-a870-be18b7166016,45257e70-99d9-448f-9319-dde3a98aecb6,VideoClip,,,EdgertronicVideos,Plays/45257e70-99d9-448f-9319-dde3a98aecb6/Edgertronic/7e78c3e3-e3d1-440a-8b31-0871c39e2818.mov,KdWNu+/eNslEz90pQM3N+w==,https://res.cloudinary.com/pitchingcoachu/video/upload/v1760555275/trackman/34008eb3-b623-43fe-a870-be18b7166016/VideoClip/45257e70-99d.mov,trackman/34008eb3-b623-43fe-a870-be18b7166016/VideoClip/45257e70-99d,2025-10-15T19:07:56Z
34008eb3-b623-43fe-a870-be18b7166016,4930bb97-5450-45bf-9a31-1ddfb0efbddf,VideoClip,,,EdgertronicVideos,Plays/4930bb97-5450-45bf-9a31-1ddfb0efbddf/Edgertronic/df064317-36d9-4341-bced-eb109d287e1c.mov,y6CQ8h/vzVU3+n4T4flAmQ==,https://res.cloudinary.com/pitchingcoachu/video/upload/v1760555276/trackman/34008eb3-b623-43fe-a870-be18b7166016/VideoClip/4930bb97-545.mov,trackman/34008eb3-b623-43fe-a870-be18b7166016/VideoClip/4930bb97-545,2025-10-15T19:07:58Z
34008eb3-b623-43fe-a870-be18b7166016,51b20ba5-b7d8-413b-849f-b607ea98b8ca,VideoClip,,,EdgertronicVideos,Plays/51b20ba5-b7d8-413b-849f-b607ea98b8ca/Edgertronic/a4eaeef2-a80d-4564-b263-0354257614e8.mov,izAk9E0hZv4jUDjGyku1VQ==,https://res.cloudinary.com/pitchingcoachu/video/upload/v1760555278/trackman/34008eb3-b623-43fe-a870-be18b7166016/VideoClip/51b20ba5-b7d.mov,trackman/34008eb3-b623-43fe-a870-be18b7166016/VideoClip/51b20ba5-b7d,2025-10-15T19:07:59Z
34008eb3-b623-43fe-a870-be18b7166016,551566b7-189d-4ff4-95c9-3a2db1fd7839,VideoClip,,,EdgertronicVideos,Plays/551566b7-189d-4ff4-95c9-3a2db1fd7839/Edgertronic/266efc8e-c762-4968-89a2-91629d4adbe1.mov,NKwEGW4u8SG0WT9BJqfgAQ==,https://res.cloudinary.com/pitchingcoachu/video/upload/v1760555280/trackman/34008eb3-b623-43fe-a870-be18b7166016/VideoClip/551566b7-189.mov,trackman/34008eb3-b623-43fe-a870-be18b7166016/VideoClip/551566b7-189,2025-10-15T19:08:02Z
34008eb3-b623-43fe-a870-be18b7166016,5be28de3-7954-4725-8e8f-38eaabb987bc,VideoClip,,,EdgertronicVideos,Plays/5be28de3-7954-4725-8e8f-38eaabb987bc/Edgertronic/bdb0f9d3-c183-4e78-86be-a8f9070fcfe5.mov,13cU/SLvYS3eLW772I66rA==,https://res.cloudinary.com/pitchingcoachu/video/upload/v1760555282/trackman/34008eb3-b623-43fe-a870-be18b7166016/VideoClip/5be28de3-795.mov,trackman/34008eb3-b623-43fe-a870-be18b7166016/VideoClip/5be28de3-795,2025-10-15T19:08:03Z
34008eb3-b623-43fe-a870-be18b7166016,5f8d2947-4fda-430d-bbec-f9aae7b1a23e,VideoClip,,,EdgertronicVideos,Plays/5f8d2947-4fda-430d-bbec-f9aae7b1a23e/Edgertronic/3c2cb5ad-4123-4986-bc10-296a846ff6e3.mov,A10ZCpmQfpgUxub0gm6M2Q==,https://res.cloudinary.com/pitchingcoachu/video/upload/v1760555283/trackman/34008eb3-b623-43fe-a870-be18b7166016/VideoClip/5f8d2947-4fd.mov,trackman/34008eb3-b623-43fe-a870-be18b7166016/VideoClip/5f8d2947-4fd,2025-10-15T19:08:05Z
34008eb3-b623-43fe-a870-be18b7166016,6007305a-037e-4ecd-8a0c-cf57263e36b0,VideoClip,,,EdgertronicVideos,Plays/6007305a-037e-4ecd-8a0c-cf57263e36b0/Edgertronic/ebbd0e24-e2c1-4a62-876e-4a52bae5b581.mov,Z8M4gMtKlYPC7oLs025HkA==,https://res.cloudinary.com/pitchingcoachu/video/upload/v1760555285/trackman/34008eb3-b623-43fe-a870-be18b7166016/VideoClip/6007305a-037.mov,trackman/34008eb3-b623-43fe-a870-be18b7166016/VideoClip/6007305a-037,2025-10-15T19:08:06Z
34008eb3-b623-43fe-a870-be18b7166016,63950b6d-1925-49d0-9f43-553905e20e38,VideoClip,,,EdgertronicVideos,Plays/63950b6d-1925-49d0-9f43-553905e20e38/Edgertronic/6d7fd917-6b13-43a3-bc8f-0937166b9c21.mov,ozaLKRGYsa4kuG3XDpnkUA==,https://res.cloudinary.com/pitchingcoachu/video/upload/v1760555286/trackman/34008eb3-b623-43fe-a870-be18b7166016/VideoClip/63950b6d-192.mov,trackman/34008eb3-b623-43fe-a870-be18b7166016/VideoClip/63950b6d-192,2025-10-15T19:08:08Z
34008eb3-b623-43fe-a870-be18b7166016,6aa06a4a-770f-413d-ac21-a81d22a74348,VideoClip,,,EdgertronicVideos,Plays/6aa06a4a-770f-413d-ac21-a81d22a74348/Edgertronic/838d0179-d968-47ce-afd4-df9d3a06d9ca.mov,lR7NeuoyTJ2+F2u8gQZZYQ==,https://res.cloudinary.com/pitchingcoachu/video/upload/v1760555288/trackman/34008eb3-b623-43fe-a870-be18b7166016/VideoClip/6aa06a4a-770.mov,trackman/34008eb3-b623-43fe-a870-be18b7166016/VideoClip/6aa06a4a-770,2025-10-15T19:08:09Z
34008eb3-b623-43fe-a870-be18b7166016,6e692f36-810a-4ad8-9247-51a03cb20c97,VideoClip,,,EdgertronicVideos,Plays/6e692f36-810a-4ad8-9247-51a03cb20c97/Edgertronic/983297e3-1db4-4930-8862-dd3709a6a2c4.mov,XpAsPdhvbrU/0/kQudqeNg==,https://res.cloudinary.com/pitchingcoachu/video/upload/v1760555290/trackman/34008eb3-b623-43fe-a870-be18b7166016/VideoClip/6e692f36-810.mov,trackman/34008eb3-b623-43fe-a870-be18b7166016/VideoClip/6e692f36-810,2025-10-15T19:08:11Z
34008eb3-b623-43fe-a870-be18b7166016,70ceb502-e31d-472b-9896-8e1a533b363b,VideoClip,,,EdgertronicVideos,Plays/70ceb502-e31d-472b-9896-8e1a533b363b/Edgertronic/9c6f9eee-6de3-4f8d-b979-9d3c906848b5.mov,3KWp+w2Y7W0w85z7C1Cl8A==,https://res.cloudinary.com/pitchingcoachu/video/upload/v1760555291/trackman/34008eb3-b623-43fe-a870-be18b7166016/VideoClip/70ceb502-e31.mov,trackman/34008eb3-b623-43fe-a870-be18b7166016/VideoClip/70ceb502-e31,2025-10-15T19:08:12Z
34008eb3-b623-43fe-a870-be18b7166016,7294ea5e-3d40-4145-a50c-f5a32b68b9ec,VideoClip,,,EdgertronicVideos,Plays/7294ea5e-3d40-4145-a50c-f5a32b68b9ec/Edgertronic/264c6619-b23c-485d-862d-3981d610046c.mov,WKxAoptf+RGHcjM9aMoD5Q==,https://res.cloudinary.com/pitchingcoachu/video/upload/v1760555293/trackman/34008eb3-b623-43fe-a870-be18b7166016/VideoClip/7294ea5e-3d4.mov,trackman/34008eb3-b623-43fe-a870-be18b7166016/VideoClip/7294ea5e-3d4,2025-10-15T19:08:14Z
34008eb3-b623-43fe-a870-be18b7166016,76b85f7d-82bd-49f0-a852-ffea376830c1,VideoClip,,,EdgertronicVideos,Plays/76b85f7d-82bd-49f0-a852-ffea376830c1/Edgertronic/51e64f2f-97dd-46af-9096-5e3a8fce7650.mov,s78nmkrXciwGi5XxvkIIEg==,https://res.cloudinary.com/pitchingcoachu/video/upload/v1760555294/trackman/34008eb3-b623-43fe-a870-be18b7166016/VideoClip/76b85f7d-82b.mov,trackman/34008eb3-b623-43fe-a870-be18b7166016/VideoClip/76b85f7d-82b,2025-10-15T19:08:15Z
34008eb3-b623-43fe-a870-be18b7166016,7a9cdbd2-d60e-41e5-8fb4-90672e8348f3,VideoClip,,,EdgertronicVideos,Plays/7a9cdbd2-d60e-41e5-8fb4-90672e8348f3/Edgertronic/6c6452c3-4005-4f15-8774-7c9b38d4e2af.mov,R0EmWBJS5hVFhda4vPNvJg==,https://res.cloudinary.com/pitchingcoachu/video/upload/v1760555295/trackman/34008eb3-b623-43fe-a870-be18b7166016/VideoClip/7a9cdbd2-d60.mov,trackman/34008eb3-b623-43fe-a870-be18b7166016/VideoClip/7a9cdbd2-d60,2025-10-15T19:08:16Z
34008eb3-b623-43fe-a870-be18b7166016,8410a813-2686-4ddc-91a4-c53fdd396534,VideoClip,,,EdgertronicVideos,Plays/8410a813-2686-4ddc-91a4-c53fdd396534/Edgertronic/047df0f7-1e14-459c-a180-3068f75fb49f.mov,KqZ+c74z8gWLpT7ABYOTAA==,https://res.cloudinary.com/pitchingcoachu/video/upload/v1760555297/trackman/34008eb3-b623-43fe-a870-be18b7166016/VideoClip/8410a813-268.mov,trackman/34008eb3-b623-43fe-a870-be18b7166016/VideoClip/8410a813-268,2025-10-15T19:08:18Z
34008eb3-b623-43fe-a870-be18b7166016,880a4c91-3651-45e8-a0d7-08b004f338cf,VideoClip,,,EdgertronicVideos,Plays/880a4c91-3651-45e8-a0d7-08b004f338cf/Edgertronic/44108505-ee5b-4888-bc26-dbae5c93a6b8.mov,7yS7FCWg1CJiI/IR5IT97Q==,https://res.cloudinary.com/pitchingcoachu/video/upload/v1760555307/trackman/34008eb3-b623-43fe-a870-be18b7166016/VideoClip/880a4c91-365.mov,trackman/34008eb3-b623-43fe-a870-be18b7166016/VideoClip/880a4c91-365,2025-10-15T19:08:41Z
34008eb3-b623-43fe-a870-be18b7166016,905fc524-37f5-482c-b473-27303a521795,VideoClip,,,EdgertronicVideos,Plays/905fc524-37f5-482c-b473-27303a521795/Edgertronic/a3d1dc56-de45-4853-9807-da2530d0c14b.mov,4UDi8jiIa5+k/fsbqbtSXA==,https://res.cloudinary.com/pitchingcoachu/video/upload/v1760555321/trackman/34008eb3-b623-43fe-a870-be18b7166016/VideoClip/905fc524-37f.mov,trackman/34008eb3-b623-43fe-a870-be18b7166016/VideoClip/905fc524-37f,2025-10-15T19:08:43Z
34008eb3-b623-43fe-a870-be18b7166016,929474f7-e2a7-4b45-a22a-61869f93194b,VideoClip,,,EdgertronicVideos,Plays/929474f7-e2a7-4b45-a22a-61869f93194b/Edgertronic/15815d05-001f-4a51-a96a-6b657913c935.mov,/AfHrS7OHfCN1ijhcWzPjg==,https://res.cloudinary.com/pitchingcoachu/video/upload/v1760555323/trackman/34008eb3-b623-43fe-a870-be18b7166016/VideoClip/929474f7-e2a.mov,trackman/34008eb3-b623-43fe-a870-be18b7166016/VideoClip/929474f7-e2a,2025-10-15T19:08:44Z
34008eb3-b623-43fe-a870-be18b7166016,953b3097-7148-4665-b1ba-d7e71bae6f5c,VideoClip,,,EdgertronicVideos,Plays/953b3097-7148-4665-b1ba-d7e71bae6f5c/Edgertronic/dbbff53d-9eb5-4b77-ad27-786520f49688.mov,Rxw1ObYdApvrdlN2YGeZpA==,https://res.cloudinary.com/pitchingcoachu/video/upload/v1760555324/trackman/34008eb3-b623-43fe-a870-be18b7166016/VideoClip/953b3097-714.mov,trackman/34008eb3-b623-43fe-a870-be18b7166016/VideoClip/953b3097-714,2025-10-15T19:08:46Z
34008eb3-b623-43fe-a870-be18b7166016,95c0fe40-f613-42c3-b7df-02df4c77cb5f,VideoClip,,,EdgertronicVideos,Plays/95c0fe40-f613-42c3-b7df-02df4c77cb5f/Edgertronic/c0cc9778-4004-43c5-97ec-fe61d01ddd8f.mov,Tpfebc+Q4yTMiRG/Xb+4Wg==,https://res.cloudinary.com/pitchingcoachu/video/upload/v1760555326/trackman/34008eb3-b623-43fe-a870-be18b7166016/VideoClip/95c0fe40-f61.mov,trackman/34008eb3-b623-43fe-a870-be18b7166016/VideoClip/95c0fe40-f61,2025-10-15T19:08:47Z
34008eb3-b623-43fe-a870-be18b7166016,96efd32f-742c-44c7-950c-f2a414e2ee06,VideoClip,,,EdgertronicVideos,Plays/96efd32f-742c-44c7-950c-f2a414e2ee06/Edgertronic/fc34a1fa-adec-40fc-bc91-cf0f475dc744.mov,G8o8yw8RsmrQXgA3ePO7eQ==,https://res.cloudinary.com/pitchingcoachu/video/upload/v1760555327/trackman/34008eb3-b623-43fe-a870-be18b7166016/VideoClip/96efd32f-742.mov,trackman/34008eb3-b623-43fe-a870-be18b7166016/VideoClip/96efd32f-742,2025-10-15T19:08:49Z
34008eb3-b623-43fe-a870-be18b7166016,9e966532-8453-406f-b3ae-20336dfd9984,VideoClip,,,EdgertronicVideos,Plays/9e966532-8453-406f-b3ae-20336dfd9984/Edgertronic/9dc32ef4-c60f-4e26-8235-6587b00fd38a.mov,3EYi/hYbqmHi83xddP6P8g==,https://res.cloudinary.com/pitchingcoachu/video/upload/v1760555329/trackman/34008eb3-b623-43fe-a870-be18b7166016/VideoClip/9e966532-845.mov,trackman/34008eb3-b623-43fe-a870-be18b7166016/VideoClip/9e966532-845,2025-10-15T19:08:50Z
34008eb3-b623-43fe-a870-be18b7166016,ab4d9742-a94b-4dad-b105-075c08e68e06,VideoClip,,,EdgertronicVideos,Plays/ab4d9742-a94b-4dad-b105-075c08e68e06/Edgertronic/50883bd3-44b3-454c-9f18-a9d43dad1a6a.mov,FdeaORaxV2JM8OD2YM1DPA==,https://res.cloudinary.com/pitchingcoachu/video/upload/v1760555330/trackman/34008eb3-b623-43fe-a870-be18b7166016/VideoClip/ab4d9742-a94.mov,trackman/34008eb3-b623-43fe-a870-be18b7166016/VideoClip/ab4d9742-a94,2025-10-15T19:08:51Z
34008eb3-b623-43fe-a870-be18b7166016,af82948e-411a-410a-bf17-e2febfaf1e57,VideoClip,,,EdgertronicVideos,Plays/af82948e-411a-410a-bf17-e2febfaf1e57/Edgertronic/1df54003-9af7-4f9d-a528-17ad5da94ea9.mov,3tTUJZr856wKJsE48c009w==,https://res.cloudinary.com/pitchingcoachu/video/upload/v1760555331/trackman/34008eb3-b623-43fe-a870-be18b7166016/VideoClip/af82948e-411.mov,trackman/34008eb3-b623-43fe-a870-be18b7166016/VideoClip/af82948e-411,2025-10-15T19:08:52Z
34008eb3-b623-43fe-a870-be18b7166016,b094b34c-26c6-4192-9b26-b05a61de409d,VideoClip,,,EdgertronicVideos,Plays/b094b34c-26c6-4192-9b26-b05a61de409d/Edgertronic/5f7fa254-4396-4e43-936b-4f40616f030d.mov,M0Kmlzc3lQv4wGiC7N1/0A==,https://res.cloudinary.com/pitchingcoachu/video/upload/v1760555332/trackman/34008eb3-b623-43fe-a870-be18b7166016/VideoClip/b094b34c-26c.mov,trackman/34008eb3-b623-43fe-a870-be18b7166016/VideoClip/b094b34c-26c,2025-10-15T19:08:53Z
34008eb3-b623-43fe-a870-be18b7166016,b91793c2-da38-4066-a7a1-5ae60502b755,VideoClip,,,EdgertronicVideos,Plays/b91793c2-da38-4066-a7a1-5ae60502b755/Edgertronic/663df5a8-8325-4b7f-893f-dd735baa47fc.mov,05IVk+D6xWC8gwVo+/yCNQ==,https://res.cloudinary.com/pitchingcoachu/video/upload/v1760555334/trackman/34008eb3-b623-43fe-a870-be18b7166016/VideoClip/b91793c2-da3.mov,trackman/34008eb3-b623-43fe-a870-be18b7166016/VideoClip/b91793c2-da3,2025-10-15T19:08:54Z
34008eb3-b623-43fe-a870-be18b7166016,bc83fe44-f4b1-4833-9761-03008a76c27a,VideoClip,,,EdgertronicVideos,Plays/bc83fe44-f4b1-4833-9761-03008a76c27a/Edgertronic/0fb3597e-25c5-46de-a43c-7562fa30587d.mov,DxeGrigbMY0en6wMI9WWVg==,https://res.cloudinary.com/pitchingcoachu/video/upload/v1760555335/trackman/34008eb3-b623-43fe-a870-be18b7166016/VideoClip/bc83fe44-f4b.mov,trackman/34008eb3-b623-43fe-a870-be18b7166016/VideoClip/bc83fe44-f4b,2025-10-15T19:08:57Z
34008eb3-b623-43fe-a870-be18b7166016,bc88272a-1f11-448f-942f-3473fface3da,VideoClip,,,EdgertronicVideos,Plays/bc88272a-1f11-448f-942f-3473fface3da/Edgertronic/5fc0e1d5-170b-4a27-9459-482ba97ce125.mov,Ke6sXlx8wfF7aTADNgEnQg==,https://res.cloudinary.com/pitchingcoachu/video/upload/v1760555337/trackman/34008eb3-b623-43fe-a870-be18b7166016/VideoClip/bc88272a-1f1.mov,trackman/34008eb3-b623-43fe-a870-be18b7166016/VideoClip/bc88272a-1f1,2025-10-15T19:08:58Z
34008eb3-b623-43fe-a870-be18b7166016,bf81397d-49b5-4dde-b071-e32f921c5e48,VideoClip,,,EdgertronicVideos,Plays/bf81397d-49b5-4dde-b071-e32f921c5e48/Edgertronic/f2da4ee0-46e5-43b1-90b8-db1f8f296d05.mov,UiuNXX0t5LpakutkUj3hMg==,https://res.cloudinary.com/pitchingcoachu/video/upload/v1760555338/trackman/34008eb3-b623-43fe-a870-be18b7166016/VideoClip/bf81397d-49b.mov,trackman/34008eb3-b623-43fe-a870-be18b7166016/VideoClip/bf81397d-49b,2025-10-15T19:08:59Z
34008eb3-b623-43fe-a870-be18b7166016,c550e9c5-a9d9-4f39-8223-e1115dd54f4f,VideoClip,,,EdgertronicVideos,Plays/c550e9c5-a9d9-4f39-8223-e1115dd54f4f/Edgertronic/733f4c46-812c-422f-9049-1749f598a9cb.mov,YaWdWgy+POGT+ReC6AF6yw==,https://res.cloudinary.com/pitchingcoachu/video/upload/v1760555340/trackman/34008eb3-b623-43fe-a870-be18b7166016/VideoClip/c550e9c5-a9d.mov,trackman/34008eb3-b623-43fe-a870-be18b7166016/VideoClip/c550e9c5-a9d,2025-10-15T19:09:01Z
34008eb3-b623-43fe-a870-be18b7166016,c8d416cb-10c4-46e0-9279-65860b353a48,VideoClip,,,EdgertronicVideos,Plays/c8d416cb-10c4-46e0-9279-65860b353a48/Edgertronic/66722413-9233-4d29-98a2-aaacda6fa011.mov,UzhDDUqe1GRStI7X95JYVw==,https://res.cloudinary.com/pitchingcoachu/video/upload/v1760555341/trackman/34008eb3-b623-43fe-a870-be18b7166016/VideoClip/c8d416cb-10c.mov,trackman/34008eb3-b623-43fe-a870-be18b7166016/VideoClip/c8d416cb-10c,2025-10-15T19:09:02Z
34008eb3-b623-43fe-a870-be18b7166016,cd327af2-d4c3-48e0-8473-5429d7019d2e,VideoClip,,,EdgertronicVideos,Plays/cd327af2-d4c3-48e0-8473-5429d7019d2e/Edgertronic/de776b9a-45ef-4cd1-99cd-0eb4acb720ec.mov,YGiT23PDhNcbc/xH3KGYGA==,https://res.cloudinary.com/pitchingcoachu/video/upload/v1760555342/trackman/34008eb3-b623-43fe-a870-be18b7166016/VideoClip/cd327af2-d4c.mov,trackman/34008eb3-b623-43fe-a870-be18b7166016/VideoClip/cd327af2-d4c,2025-10-15T19:09:03Z
34008eb3-b623-43fe-a870-be18b7166016,cee57549-58ff-4305-be5d-f9b876023945,VideoClip,,,EdgertronicVideos,Plays/cee57549-58ff-4305-be5d-f9b876023945/Edgertronic/1dc59d13-ff11-4b0d-9f21-d44aac8be4d0.mov,/amNCYvhRX+BiaAJn/TdRA==,https://res.cloudinary.com/pitchingcoachu/video/upload/v1760555343/trackman/34008eb3-b623-43fe-a870-be18b7166016/VideoClip/cee57549-58f.mov,trackman/34008eb3-b623-43fe-a870-be18b7166016/VideoClip/cee57549-58f,2025-10-15T19:09:04Z
34008eb3-b623-43fe-a870-be18b7166016,cf916666-b46e-47ac-ad75-759ce9b83ebf,VideoClip,,,EdgertronicVideos,Plays/cf916666-b46e-47ac-ad75-759ce9b83ebf/Edgertronic/187bf4ce-bb4e-441e-a67f-f1af27684af2.mov,M5YBd8Brrx8Mx89J3ixOGQ==,https://res.cloudinary.com/pitchingcoachu/video/upload/v1760555345/trackman/34008eb3-b623-43fe-a870-be18b7166016/VideoClip/cf916666-b46.mov,trackman/34008eb3-b623-43fe-a870-be18b7166016/VideoClip/cf916666-b46,2025-10-15T19:09:06Z
34008eb3-b623-43fe-a870-be18b7166016,d0e664ad-8b71-4441-b6f5-b381068e3909,VideoClip,,,EdgertronicVideos,Plays/d0e664ad-8b71-4441-b6f5-b381068e3909/Edgertronic/25cce230-9c37-4657-834f-21788bfa2106.mov,412zG20nrYJv1qU17f4SbQ==,https://res.cloudinary.com/pitchingcoachu/video/upload/v1760555346/trackman/34008eb3-b623-43fe-a870-be18b7166016/VideoClip/d0e664ad-8b7.mov,trackman/34008eb3-b623-43fe-a870-be18b7166016/VideoClip/d0e664ad-8b7,2025-10-15T19:09:08Z
34008eb3-b623-43fe-a870-be18b7166016,d457f160-47c4-439b-99a0-96595ef1ed6a,VideoClip,,,EdgertronicVideos,Plays/d457f160-47c4-439b-99a0-96595ef1ed6a/Edgertronic/5f75186a-da64-42d7-a5a7-0afa5687705d.mov,Ky61Sm0Sdx9G9RZzo+CsHw==,https://res.cloudinary.com/pitchingcoachu/video/upload/v1760555348/trackman/34008eb3-b623-43fe-a870-be18b7166016/VideoClip/d457f160-47c.mov,trackman/34008eb3-b623-43fe-a870-be18b7166016/VideoClip/d457f160-47c,2025-10-15T19:09:09Z
34008eb3-b623-43fe-a870-be18b7166016,d85b76e1-a5b8-4548-a6d3-4c9edaa80119,VideoClip,,,EdgertronicVideos,Plays/d85b76e1-a5b8-4548-a6d3-4c9edaa80119/Edgertronic/57091d89-5ebe-45b8-b3da-8f94b6ac21fb.mov,G9YKwB5l4LhQsSKeCiCjvA==,https://res.cloudinary.com/pitchingcoachu/video/upload/v1760555350/trackman/34008eb3-b623-43fe-a870-be18b7166016/VideoClip/d85b76e1-a5b.mov,trackman/34008eb3-b623-43fe-a870-be18b7166016/VideoClip/d85b76e1-a5b,2025-10-15T19:09:11Z
34008eb3-b623-43fe-a870-be18b7166016,d88c8716-b24b-4ed2-b1c6-c4185cdc6ea9,VideoClip,,,EdgertronicVideos,Plays/d88c8716-b24b-4ed2-b1c6-c4185cdc6ea9/Edgertronic/e84ee854-2272-4caf-898a-6761d4a4a89f.mov,RmDZ1nExNd855RYthHCxrA==,https://res.cloudinary.com/pitchingcoachu/video/upload/v1760555351/trackman/34008eb3-b623-43fe-a870-be18b7166016/VideoClip/d88c8716-b24.mov,trackman/34008eb3-b623-43fe-a870-be18b7166016/VideoClip/d88c8716-b24,2025-10-15T19:09:12Z
34008eb3-b623-43fe-a870-be18b7166016,de19ea44-948a-403b-92eb-f414ecb5d81c,VideoClip,,,EdgertronicVideos,Plays/de19ea44-948a-403b-92eb-f414ecb5d81c/Edgertronic/403b1922-702c-4a7f-8470-986d52b46f4e.mov,mgeQm9uLOO6tIPE6ibBEiQ==,https://res.cloudinary.com/pitchingcoachu/video/upload/v1760555353/trackman/34008eb3-b623-43fe-a870-be18b7166016/VideoClip/de19ea44-948.mov,trackman/34008eb3-b623-43fe-a870-be18b7166016/VideoClip/de19ea44-948,2025-10-15T19:09:14Z
34008eb3-b623-43fe-a870-be18b7166016,deb48147-3b63-4baf-aef4-b30e9a8ce562,VideoClip,,,EdgertronicVideos,Plays/deb48147-3b63-4baf-aef4-b30e9a8ce562/Edgertronic/8a0e7770-f379-4831-96c3-cf743c5096af.mov,oPuRPiVhNDTSohOHyuROAA==,https://res.cloudinary.com/pitchingcoachu/video/upload/v1760555354/trackman/34008eb3-b623-43fe-a870-be18b7166016/VideoClip/deb48147-3b6.mov,trackman/34008eb3-b623-43fe-a870-be18b7166016/VideoClip/deb48147-3b6,2025-10-15T19:09:15Z
34008eb3-b623-43fe-a870-be18b7166016,df984982-748c-448a-9b09-ca80ec557380,VideoClip,,,EdgertronicVideos,Plays/df984982-748c-448a-9b09-ca80ec557380/Edgertronic/abc8ba53-f02a-4531-a42f-565f7acd1fcd.mov,HUAL7yCLNYsm86EEkmPm/w==,https://res.cloudinary.com/pitchingcoachu/video/upload/v1760555355/trackman/34008eb3-b623-43fe-a870-be18b7166016/VideoClip/df984982-748.mov,trackman/34008eb3-b623-43fe-a870-be18b7166016/VideoClip/df984982-748,2025-10-15T19:09:16Z
34008eb3-b623-43fe-a870-be18b7166016,e3331c69-ec0b-433e-829c-f3a29d83e4ae,VideoClip,,,EdgertronicVideos,Plays/e3331c69-ec0b-433e-829c-f3a29d83e4ae/Edgertronic/47dd3b41-7a35-4a30-b6eb-23c7bfbe0ff5.mov,bGiiXN+dpXbnaU4bdKBy4Q==,https://res.cloudinary.com/pitchingcoachu/video/upload/v1760555356/trackman/34008eb3-b623-43fe-a870-be18b7166016/VideoClip/e3331c69-ec0.mov,trackman/34008eb3-b623-43fe-a870-be18b7166016/VideoClip/e3331c69-ec0,2025-10-15T19:09:17Z
34008eb3-b623-43fe-a870-be18b7166016,e3d3bbbc-59df-425f-aa30-a0fe9fed9e15,VideoClip,,,EdgertronicVideos,Plays/e3d3bbbc-59df-425f-aa30-a0fe9fed9e15/Edgertronic/8070199a-efb0-4938-9ef2-92d0beb73e9d.mov,LhuOov9oDlbMLiCKPdaz7A==,https://res.cloudinary.com/pitchingcoachu/video/upload/v1760555357/trackman/34008eb3-b623-43fe-a870-be18b7166016/VideoClip/e3d3bbbc-59d.mov,trackman/34008eb3-b623-43fe-a870-be18b7166016/VideoClip/e3d3bbbc-59d,2025-10-15T19:09:18Z
34008eb3-b623-43fe-a870-be18b7166016,ea3f19fc-4c7f-42bf-abce-0b151c91c69c,VideoClip,,,EdgertronicVideos,Plays/ea3f19fc-4c7f-42bf-abce-0b151c91c69c/Edgertronic/7aa044ad-4ed5-4883-8760-ed4339725fb1.mov,M9x38CqOVDRVJfDMkj6ONg==,https://res.cloudinary.com/pitchingcoachu/video/upload/v1760555358/trackman/34008eb3-b623-43fe-a870-be18b7166016/VideoClip/ea3f19fc-4c7.mov,trackman/34008eb3-b623-43fe-a870-be18b7166016/VideoClip/ea3f19fc-4c7,2025-10-15T19:09:20Z
34008eb3-b623-43fe-a870-be18b7166016,eb689ec1-d1cf-4235-83a3-fa891f653091,VideoClip,,,EdgertronicVideos,Plays/eb689ec1-d1cf-4235-83a3-fa891f653091/Edgertronic/fb4d5112-d363-4985-947c-bf5bb88d1fd2.mov,/gAdOrQ7lI66OP6Rc4AORw==,https://res.cloudinary.com/pitchingcoachu/video/upload/v1760555360/trackman/34008eb3-b623-43fe-a870-be18b7166016/VideoClip/eb689ec1-d1c.mov,trackman/34008eb3-b623-43fe-a870-be18b7166016/VideoClip/eb689ec1-d1c,2025-10-15T19:09:21Z
34008eb3-b623-43fe-a870-be18b7166016,ebfba37b-2d28-44ef-aab4-af0c941aeffe,VideoClip,,,EdgertronicVideos,Plays/ebfba37b-2d28-44ef-aab4-af0c941aeffe/Edgertronic/0b4f2794-0982-4c63-82a9-12f35ebbd5a9.mov,IhsxB7t+uHzO4nTHI6Aa5A==,https://res.cloudinary.com/pitchingcoachu/video/upload/v1760555362/trackman/34008eb3-b623-43fe-a870-be18b7166016/VideoClip/ebfba37b-2d2.mov,trackman/34008eb3-b623-43fe-a870-be18b7166016/VideoClip/ebfba37b-2d2,2025-10-15T19:09:23Z
34008eb3-b623-43fe-a870-be18b7166016,f0f5fad2-de6f-41b4-b1a0-ab378343edf7,VideoClip,,,EdgertronicVideos,Plays/f0f5fad2-de6f-41b4-b1a0-ab378343edf7/Edgertronic/d8f0ca2e-d09b-4503-8c41-a793136e8dfb.mov,gadxl3eOg1hiXHbhGMUUlA==,https://res.cloudinary.com/pitchingcoachu/video/upload/v1760555363/trackman/34008eb3-b623-43fe-a870-be18b7166016/VideoClip/f0f5fad2-de6.mov,trackman/34008eb3-b623-43fe-a870-be18b7166016/VideoClip/f0f5fad2-de6,2025-10-15T19:09:24Z
34008eb3-b623-43fe-a870-be18b7166016,f598bb0c-b1f3-4ad0-8f24-60f63b0d71dc,VideoClip,,,EdgertronicVideos,Plays/f598bb0c-b1f3-4ad0-8f24-60f63b0d71dc/Edgertronic/f5a01d30-6c54-44e7-bbc7-998f67af9523.mov,uwP4eKFWjOjS6EUvF/SBnA==,https://res.cloudinary.com/pitchingcoachu/video/upload/v1760555364/trackman/34008eb3-b623-43fe-a870-be18b7166016/VideoClip/f598bb0c-b1f.mov,trackman/34008eb3-b623-43fe-a870-be18b7166016/VideoClip/f598bb0c-b1f,2025-10-15T19:09:25Z
